name,plant_part,chem_class,source,pubchem_cid,rdkit_mw,potency_source,pred_pIC50,pIC50_calibrated,sigma_log,pred_IC50_ug_mL,pred_IC50_ug_mL_calibrated,IC50_ug_mL_strong,IC50_ug_mL_weak,max_tanimoto_to_train,in_applicability_domain
moringin,bark/seed,isothiocyanate,moringa,153557,311.359,QSAR (bias-corrected),5.0989976,5.312350078469511,1.0412586313417205,2.478927489412308,1.5167407159536783,0.13792808736891818,16.678998768963503,0.3333333333333333,True
glucomoringin,bark/seed,glucosinolate,moringa,162639104,609.669,QSAR (bias-corrected),5.070447,5.283799478469511,1.0412586313417205,5.183787164860725,3.1717184932396987,0.28842705997386775,34.87813591855823,0.3414634146341463,True
benzyl isothiocyanate,bark/root,isothiocyanate,moringa,2346,149.218,measured (ChEMBL),4.50979,4.688246138944246,0.3,4.613507784172057,3.058968999999999,1.533116210861583,6.103445568358036,0.6153846153846154,True
4-hydroxybenzyl isothiocyanate,root,isothiocyanate,moringa,160611,165.217,QSAR (bias-corrected),4.4433675,4.6567199784695115,1.0412586313417205,5.95233343386078,3.641956494263521,0.3311891665140208,40.049157542557225,0.4,True
sinigrin,seed,glucosinolate,moringa,6911854,359.378,UNUSABLE (out of domain),5.2458925,5.459244978469512,1.0412586313417205,2.040135285273552,1.2482641820728362,0.11351359487714278,13.726668333712688,0.2424242424242424,False
niazimicin,bark,thiocarbamate,moringa,5471459,357.428,QSAR (bias-corrected),5.433741,5.647093478469512,1.0412586313417205,1.3165806877059936,0.8055548051271141,0.07325486312415821,8.858368119035914,0.3333333333333333,True
niazirin,bark,nitrile glycoside,moringa,129556,279.292,QSAR (bias-corrected),5.2565603,5.469912778469512,1.0412586313417205,1.5470279628391266,0.9465547027859254,0.08607699283870528,10.408888319844655,0.3484848484848485,True
moringine,bark,alkaloid,moringa,7504,107.156,QSAR (bias-corrected),4.356627,4.569979478469511,1.0412586313417205,4.713999047546388,2.8842773207925076,0.26228797718291613,31.717258841172153,0.3333333333333333,True
quercetin,leaf/bark,flavonol,moringa,5280343,302.238,QSAR (bias-corrected),4.427655,4.641007478469511,1.0412586313417205,11.2899977394104,6.907829158799355,0.6281783390678993,75.96266970612751,0.717948717948718,True
kaempferol,leaf/bark,flavonol,moringa,5280863,286.239,QSAR (bias-corrected),4.0564876,4.269840078469511,1.0412586313417205,25.132822392906185,15.377605934606192,1.398395752526191,169.10146062218297,0.8055555555555556,True
rutin,leaf,flavonol glycoside,moringa,5280805,610.521,QSAR (bias-corrected),4.8247385,5.038090978469511,1.0412586313417205,9.140335044839858,5.5925468173727495,0.5085703033668094,61.49902913609104,0.5121951219512195,True
isoquercitrin,leaf,flavonol glycoside,moringa,5484006,464.379,QSAR (bias-corrected),4.7574797,4.970832178469512,1.0412586313417205,8.116950556394578,4.966385114030295,0.4516289387569823,54.6133761240967,0.4461538461538462,True
apigenin,leaf,flavone,moringa,5280443,270.24,measured (ChEMBL),4.333601,3.995678626217358,0.3,12.53570150756836,27.294239999999977,13.67952463955883,54.45916848771614,0.5,True
luteolin,leaf,flavone,moringa,5280445,286.239,QSAR (bias-corrected),4.6800737,4.893426178469512,1.0412586313417205,5.979364926321029,3.6584963620331257,0.33269325505255654,40.23103993766033,0.4677419354838709,True
catechin,bark,flavan-3-ol,moringa,9064,290.271,QSAR (bias-corrected),4.7737737,4.987126178469511,1.0412586313417205,4.886860950559616,2.9900432522691647,0.27190603021196985,32.880325027991205,0.4081632653061224,True
epicatechin,bark,flavan-3-ol,moringa,72276,290.271,QSAR (bias-corrected),4.7737737,4.987126178469511,1.0412586313417205,4.886860950559616,2.9900432522691647,0.27190603021196985,32.880325027991205,0.4081632653061224,True
gallic acid,bark,phenolic acid,moringa,370,170.12,QSAR (bias-corrected),4.3346024,4.547954878469511,1.0412586313417205,7.873231267089843,4.8172645325584185,0.43806833715025056,52.97355596984398,0.4482758620689655,True
ellagic acid,bark,phenolic acid,moringa,5281855,302.194,QSAR (bias-corrected),4.9575257,5.170878178469511,1.0412586313417205,3.3324227665119173,2.038955083767851,0.18541677689347455,22.42158397571129,0.3846153846153846,True
chlorogenic acid,leaf/bark,phenolic acid,moringa,1794427,354.311,QSAR (bias-corrected),5.0836973,5.297049778469511,1.0412586313417205,2.92204766543293,1.7878655546144069,0.16258340916607028,19.660451566196794,0.5192307692307693,True
caffeic acid,bark,phenolic acid,moringa,689043,180.159,QSAR (bias-corrected),4.6387153,4.852067778469512,1.0412586313417205,4.139431430803299,2.5327258565341313,0.2303188867728837,27.85138619865792,0.6774193548387096,True
ferulic acid,bark,phenolic acid,moringa,445858,194.186,QSAR (bias-corrected),4.2983375,4.511689978469511,1.0412586313417205,9.769682376113892,5.977614964137143,0.5435873055684757,65.73347150207717,0.7428571428571429,True
p-coumaric acid,bark,phenolic acid,moringa,637542,164.16,QSAR (bias-corrected),3.7987823,4.012134778469512,1.0412586313417205,26.090656479492186,15.963663511020846,1.4516901618821836,175.54610438544847,0.6666666666666666,True
syringic acid,bark,phenolic acid,moringa,10742,198.174,QSAR (bias-corrected),4.63611,4.849462478469512,1.0412586313417205,4.580752654003143,2.8027489395462193,0.25487401804454485,30.820723424050826,0.5806451612903226,True
vanillin,bark,phenolic aldehyde,moringa,1183,152.149,QSAR (bias-corrected),3.7501514,3.9635038784695116,1.0412586313417205,27.046913153533936,16.548751091959723,1.504896362608103,181.98008149146915,0.6,True
protocatechuic acid,bark,phenolic acid,moringa,72,154.121,QSAR (bias-corrected),4.244584,4.457936478469511,1.0412586313417205,8.77561836832428,5.369394823345718,0.48827749563443706,59.04511476923871,0.5333333333333333,True
beta-sitosterol,bark,phytosterol,moringa,222284,414.718,QSAR (bias-corrected),4.794845,5.008197478469511,1.0412586313417205,6.6513193103714,4.069634506051975,0.3700809886661233,44.75216376972719,0.7586206896551724,True
stigmasterol,bark,phytosterol,moringa,5280794,412.702,measured (ChEMBL),5.1384025,4.00788851221305,0.3,3.0007796224222183,40.527336400000024,20.311783616597868,80.86266704498658,0.6190476190476191,True
campesterol,bark,phytosterol,moringa,173183,400.691,QSAR (bias-corrected),4.845109,5.058461478469511,1.0412586313417205,5.724013025741577,3.5022577847245,0.31848536314674064,38.51294599372828,0.8,True
lupeol,bark,triterpene,moringa,259846,426.729,QSAR (bias-corrected),4.7953405,5.008692978469512,1.0412586313417205,6.8361507540035245,4.182723722974406,0.3803650004474988,45.9957612349975,0.7358490566037735,True
oleanolic acid,bark,triterpene,moringa,10494,456.711,measured (ChEMBL),4.5566173,4.016824927962187,0.3,12.677225131690978,43.93559820000002,22.019960919617375,87.66304337407458,0.8,True
ursolic acid,bark,triterpene,moringa,64945,456.711,measured (ChEMBL),4.270321,4.459456024955745,0.3,24.508716769592287,15.855700977733868,7.946674910251674,31.636282638287604,0.8103448275862069,True
beta-amyrin,bark,triterpene,moringa,73145,426.729,QSAR (bias-corrected),4.626136,4.839488478469511,1.0412586313417205,10.092908214694976,6.175379894923064,0.5615714859659784,67.90821435853732,0.7090909090909091,True
palmitic acid,all,fatty acid,moringa,985,256.43,QSAR (bias-corrected),4.985722,5.1990744784695115,1.0412586313417205,2.650005484609604,1.6214156251879417,0.14744692593792116,17.830067414972582,0.3478260869565217,True
oleic acid,all,fatty acid,moringa,445639,282.468,QSAR (bias-corrected),5.4577174,5.6710698784695115,1.0412586313417205,0.9845818407011032,0.6024199926753234,0.054782360958946306,6.62457479419151,0.45,True
linoleic acid,all,fatty acid,moringa,5280450,280.452,QSAR (bias-corrected),5.415033,5.628385478469512,1.0412586313417205,1.078513736022949,0.6598923033353713,0.06000872944937641,7.256575101604436,0.4736842105263157,True
stearic acid,all,fatty acid,moringa,5281,284.484,QSAR (bias-corrected),5.1469207,5.3602731784695115,1.0412586313417205,2.028323202861786,1.241036821772095,0.11285635928471624,13.647191906205354,0.3478260869565217,True
octacosanoic acid,bark,fatty acid,moringa,10470,424.754,QSAR (bias-corrected),5.2247043,5.4380567784695115,1.0412586313417205,2.53182227101326,1.5491044408188201,0.14087115247149648,17.03488987250348,0.3478260869565217,True
4-hydroxymellein,bark,isocoumarin,moringa,169539,194.186,QSAR (bias-corrected),5.0338864,5.247238878469512,1.0412586313417205,1.7961040153636934,1.0989527937417691,0.09993564183725694,12.084749951769446,0.32,True
vanillic acid,bark,phenolic acid,moringa,8468,168.148,QSAR (bias-corrected),4.077218,4.290570478469512,1.0412586313417205,14.075817738677978,8.612341208077758,0.7831818175012067,94.7065156862378,0.6470588235294118,True
scopoletin,bark,coumarin,moringa,5280460,192.17,QSAR (bias-corrected),4.574229,4.787581478469511,1.0412586313417205,5.122203513507843,3.1340369443561746,0.28500040707800023,34.46376680402848,0.5714285714285714,True
squalene,all,terpene,moringa,638072,410.73,QSAR (bias-corrected),5.364277,5.577629478469512,1.0412586313417205,1.7753317520284655,1.086242889789662,0.09877983931655088,11.944984156507896,0.4594594594594595,True
phytol,leaf,diterpene alcohol,moringa,5280435,296.539,UNUSABLE (out of domain),5.545454,5.758806478469512,1.0412586313417205,0.8445547522728444,0.5167438780983997,0.04699121874690044,5.682428391363798,0.2272727272727272,False
doxorubicin,reference,positive control (manuscript),reference,31703,543.525,QSAR (bias-corrected),6.1978655,6.411217978469511,1.0412586313417205,0.3446307472631335,0.2108635657401413,0.01917533301005949,2.318783373061689,0.8767123287671232,True
paclitaxel,reference,"positive control (named once, p.4)",reference,36314,853.918,QSAR (bias-corrected),7.275067,7.4884194784695115,1.0412586313417205,0.0453261996454969,0.02773298966505519,0.002521959212466911,0.3049687369883065,0.8901098901098901,True
cisplatin,reference,NSCLC standard of care,reference,5702198,300.046,UNUSABLE (out of domain),4.8594813,5.072833778469511,1.0412586313417205,4.146737210321427,2.5371962624512934,0.2307254127739538,27.900545487391216,0.0714285714285714,False
erlotinib,reference,EGFR TKI benchmark,reference,176870,393.443,QSAR (bias-corrected),5.278353,5.491705478469512,1.0412586313417205,2.0726626513428688,1.2681666979495758,0.11532347307177025,13.945528442309888,0.4857142857142857,True
etoposide,reference,topoisomerase II benchmark,reference,36462,588.562,QSAR (bias-corrected),5.7657456,5.979098078469511,1.0412586313417205,1.009361117138624,0.6175813042728913,0.05616108751956472,6.791297751393002,0.7272727272727273,True
