rule,sample,conc_ppm,trial,replicate,abs_570,abs_blank_used,abs_control_used,viability_pct,cytotoxicity_pct
all_wells,MBEE,400.0,1,R1,0.62,0.09966666666666668,1.3323333333333334,42.212006489994586,57.787993510005414
all_wells,MBEE,400.0,1,R2,0.774,0.09966666666666668,1.3323333333333334,54.7052460789616,45.2947539210384
all_wells,MBEE,400.0,1,R3,0.818,0.09966666666666668,1.3323333333333334,58.27474310438073,41.72525689561927
all_wells,MBEE,200.0,1,R1,0.928,0.09966666666666668,1.3323333333333334,67.19848566792861,32.80151433207139
all_wells,MBEE,200.0,1,R2,0.787,0.09966666666666668,1.3323333333333334,55.75987020010816,44.24012979989184
all_wells,MBEE,200.0,1,R3,1.059,0.09966666666666668,1.3323333333333334,77.82585181179014,22.174148188209855
all_wells,MBEE,100.0,1,R1,0.811,0.09966666666666668,1.3323333333333334,57.70686857760951,42.29313142239049
all_wells,MBEE,100.0,1,R2,0.77,0.09966666666666668,1.3323333333333334,54.38074634937804,45.61925365062196
all_wells,MBEE,100.0,1,R3,1.274,0.09966666666666668,1.3323333333333334,95.26771227690641,4.732287723093592
all_wells,MBEE,50.0,1,R1,1.032,0.09966666666666668,1.3323333333333334,75.63547863710113,24.36452136289887
all_wells,MBEE,50.0,1,R2,1.196,0.09966666666666668,1.3323333333333334,88.93996755002703,11.060032449972965
all_wells,MBEE,50.0,1,R3,1.298,0.09966666666666668,1.3323333333333334,97.21471065440777,2.7852893455922327
all_wells,MBEE,25.0,1,R1,1.206,0.09966666666666668,1.3323333333333334,89.75121687398591,10.24878312601409
all_wells,MBEE,25.0,1,R2,1.022,0.09966666666666668,1.3323333333333334,74.82422931314223,25.175770686857774
all_wells,MBEE,25.0,1,R3,1.317,0.09966666666666668,1.3323333333333334,98.75608436992968,1.243915630070319
all_wells,MBEE,12.5,1,R1,1.335,0.09966666666666668,1.3323333333333334,100.21633315305569,-0.216333153055686
all_wells,MBEE,12.5,1,R2,1.268,0.09966666666666668,1.3323333333333334,94.7809626825311,5.219037317468903
all_wells,MBEE,12.5,1,R3,1.34,0.09966666666666668,1.3323333333333334,100.62195781503516,-0.6219578150351595
all_wells,DOX,50.0,1,R1,0.739,0.09966666666666668,1.3323333333333334,51.86587344510546,48.13412655489454
all_wells,DOX,50.0,1,R2,0.501,0.09966666666666668,1.3323333333333334,32.558139534883715,67.44186046511629
all_wells,DOX,50.0,1,R3,0.681,0.09966666666666668,1.3323333333333334,47.160627366143856,52.839372633856144
all_wells,DOX,25.0,1,R1,0.921,0.09966666666666668,1.3323333333333334,66.63061114115737,33.369388858842626
all_wells,DOX,25.0,1,R2,0.979,0.09966666666666668,1.3323333333333334,71.33585722011897,28.664142779881033
all_wells,DOX,25.0,1,R3,0.896,0.09966666666666668,1.3323333333333334,64.60248783126013,35.397512168739866
all_wells,DOX,12.5,1,R1,1.134,0.09966666666666668,1.3323333333333334,83.91022174148185,16.08977825851815
all_wells,DOX,12.5,1,R2,0.865,0.09966666666666668,1.3323333333333334,62.087614926987555,37.912385073012445
all_wells,DOX,12.5,1,R3,0.877,0.09966666666666668,1.3323333333333334,63.06111411573823,36.93888588426177
all_wells,DOX,6.2,1,R1,0.781,0.09966666666666668,1.3323333333333334,55.27312060573283,44.72687939426717
all_wells,DOX,6.2,1,R2,1.25,0.09966666666666668,1.3323333333333334,93.32071389940506,6.679286100594936
all_wells,DOX,6.2,1,R3,1.045,0.09966666666666668,1.3323333333333334,76.69010275824769,23.30989724175231
all_wells,DOX,3.1,1,R1,1.417,0.09966666666666668,1.3323333333333334,106.86857760951867,-6.868577609518667
all_wells,DOX,3.1,1,R2,1.181,0.09966666666666668,1.3323333333333334,87.72309356408869,12.276906435911314
all_wells,DOX,3.1,1,R3,0.766,0.09966666666666668,1.3323333333333334,54.05624661979448,45.94375338020552
all_wells,NC,0.0,1,R1,1.242,0.09966666666666668,1.3323333333333334,92.67171444023795,7.328285559762051
all_wells,NC,0.0,1,R2,1.382,0.09966666666666668,1.3323333333333334,104.02920497566251,-4.029204975662509
all_wells,NC,0.0,1,R3,1.373,0.09966666666666668,1.3323333333333334,103.29908058409951,-3.2990805840995137
all_wells,MBEE,400.0,2,R1,1.118,0.09833333333333334,1.2206666666666666,90.85239085239087,9.147609147609131
all_wells,MBEE,400.0,2,R2,0.971,0.09833333333333334,1.2206666666666666,77.75467775467776,22.245322245322242
all_wells,MBEE,400.0,2,R3,1.667,0.09833333333333334,1.2206666666666666,139.76833976833979,-39.768339768339786
all_wells,MBEE,200.0,2,R1,1.521,0.09833333333333334,1.2206666666666666,126.75972675972676,-26.75972675972676
all_wells,MBEE,200.0,2,R2,1.231,0.09833333333333334,1.2206666666666666,100.92070092070094,-0.9207009207009378
all_wells,MBEE,200.0,2,R3,1.707,0.09833333333333334,1.2206666666666666,143.33234333234336,-43.332343332343356
all_wells,MBEE,100.0,2,R1,1.297,0.09833333333333334,1.2206666666666666,106.8013068013068,-6.801306801306794
all_wells,MBEE,100.0,2,R2,1.617,0.09833333333333334,1.2206666666666666,135.31333531333533,-35.31333531333533
all_wells,MBEE,100.0,2,R3,1.807,0.09833333333333334,1.2206666666666666,152.24235224235224,-52.24235224235224
all_wells,MBEE,50.0,2,R1,1.265,0.09833333333333334,1.2206666666666666,103.95010395010395,-3.9501039501039514
all_wells,MBEE,50.0,2,R2,1.504,0.09833333333333334,1.2206666666666666,125.24502524502526,-25.24502524502526
all_wells,MBEE,50.0,2,R3,1.67,0.09833333333333334,1.2206666666666666,140.03564003564003,-40.03564003564003
all_wells,MBEE,25.0,2,R1,1.263,0.09833333333333334,1.2206666666666666,103.77190377190377,-3.771903771903766
all_wells,MBEE,25.0,2,R2,1.674,0.09833333333333334,1.2206666666666666,140.3920403920404,-40.3920403920404
all_wells,MBEE,25.0,2,R3,1.898,0.09833333333333334,1.2206666666666666,160.35046035046037,-60.35046035046037
all_wells,MBEE,12.5,2,R1,1.193,0.09833333333333334,1.2206666666666666,97.53489753489755,2.465102465102447
all_wells,MBEE,12.5,2,R2,1.707,0.09833333333333334,1.2206666666666666,143.33234333234336,-43.332343332343356
all_wells,MBEE,12.5,2,R3,1.949,0.09833333333333334,1.2206666666666666,164.89456489456492,-64.89456489456492
all_wells,DOX,50.0,2,R1,1.076,0.09833333333333334,1.2206666666666666,87.11018711018713,12.889812889812873
all_wells,DOX,50.0,2,R2,0.472,0.09833333333333334,1.2206666666666666,33.2937332937333,66.7062667062667
all_wells,DOX,50.0,2,R3,0.413,0.09833333333333334,1.2206666666666666,28.036828036828037,71.96317196317196
all_wells,DOX,25.0,2,R1,1.05,0.09833333333333334,1.2206666666666666,84.79358479358481,15.206415206415187
all_wells,DOX,25.0,2,R2,0.721,0.09833333333333334,1.2206666666666666,55.47965547965548,44.52034452034452
all_wells,DOX,25.0,2,R3,0.542,0.09833333333333334,1.2206666666666666,39.53073953073954,60.46926046926046
all_wells,DOX,12.5,2,R1,1.198,0.09833333333333334,1.2206666666666666,97.98039798039798,2.0196020196020186
all_wells,DOX,12.5,2,R2,0.938,0.09833333333333334,1.2206666666666666,74.81437481437482,25.185625185625184
all_wells,DOX,12.5,2,R3,0.892,0.09833333333333334,1.2206666666666666,70.71577071577072,29.284229284229284
all_wells,DOX,6.2,2,R1,1.221,0.09833333333333334,1.2206666666666666,100.02970002970004,-0.029700029700038044
all_wells,DOX,6.2,2,R2,0.7,0.09833333333333334,1.2206666666666666,53.60855360855361,46.39144639144639
all_wells,DOX,6.2,2,R3,0.556,0.09833333333333334,1.2206666666666666,40.77814077814079,59.22185922185921
all_wells,DOX,3.1,2,R1,1.047,0.09833333333333334,1.2206666666666666,84.52628452628453,15.473715473715473
all_wells,DOX,3.1,2,R2,0.836,0.09833333333333334,1.2206666666666666,65.72616572616573,34.27383427383427
all_wells,DOX,3.1,2,R3,0.762,0.09833333333333334,1.2206666666666666,59.13275913275914,40.86724086724086
all_wells,NC,0.0,2,R1,1.166,0.09833333333333334,1.2206666666666666,95.12919512919512,4.870804870804875
all_wells,NC,0.0,2,R2,1.274,0.09833333333333334,1.2206666666666666,104.75200475200477,-4.7520047520047655
all_wells,NC,0.0,2,R3,1.222,0.09833333333333334,1.2206666666666666,100.11880011880012,-0.11880011880012376
lab_outliers_removed,MBEE,400.0,1,R1,0.62,0.0665,1.3323333333333334,43.726135615536535,56.273864384463465
lab_outliers_removed,MBEE,400.0,1,R2,0.774,0.0665,1.3323333333333334,55.89203423304806,44.10796576695194
lab_outliers_removed,MBEE,400.0,1,R3,0.818,0.0665,1.3323333333333334,59.36800526662277,40.63199473337723
lab_outliers_removed,MBEE,200.0,1,R1,0.928,0.0665,1.3323333333333334,68.05793285055958,31.94206714944042
lab_outliers_removed,MBEE,200.0,1,R2,0.787,0.0665,1.3323333333333334,56.91902567478604,43.08097432521396
lab_outliers_removed,MBEE,200.0,1,R3,1.059,0.0665,1.3323333333333334,78.40684660961158,21.593153390388423
lab_outliers_removed,MBEE,100.0,1,R1,0.811,0.0665,1.3323333333333334,58.81500987491771,41.18499012508229
lab_outliers_removed,MBEE,100.0,1,R3,1.274,0.0665,1.3323333333333334,95.39170506912443,4.608294930875573
lab_outliers_removed,MBEE,50.0,1,R2,1.196,0.0665,1.3323333333333334,89.22975641869651,10.77024358130349
lab_outliers_removed,MBEE,50.0,1,R3,1.298,0.0665,1.3323333333333334,97.28768926925609,2.7123107307439085
lab_outliers_removed,MBEE,25.0,1,R1,1.206,0.0665,1.3323333333333334,90.01974983541803,9.980250164581975
lab_outliers_removed,MBEE,25.0,1,R3,1.317,0.0665,1.3323333333333334,98.78867676102698,1.2113232389730229
lab_outliers_removed,MBEE,12.5,1,R1,1.335,0.0665,1.3323333333333334,100.21066491112573,-0.2106649111257326
lab_outliers_removed,MBEE,12.5,1,R3,1.34,0.0665,1.3323333333333334,100.6056616194865,-0.6056616194864972
lab_outliers_removed,DOX,50.0,1,R2,0.501,0.0665,1.3323333333333334,34.32521395655036,65.67478604344964
lab_outliers_removed,DOX,50.0,1,R3,0.681,0.0665,1.3323333333333334,48.545095457537855,51.454904542462145
lab_outliers_removed,DOX,25.0,1,R1,0.921,0.0665,1.3323333333333334,67.50493745885451,32.49506254114549
lab_outliers_removed,DOX,25.0,1,R2,0.979,0.0665,1.3323333333333334,72.08689927583937,27.91310072416063
lab_outliers_removed,DOX,25.0,1,R3,0.896,0.0665,1.3323333333333334,65.52995391705069,34.47004608294931
lab_outliers_removed,DOX,12.5,1,R2,0.865,0.0665,1.3323333333333334,63.08097432521396,36.91902567478604
lab_outliers_removed,DOX,12.5,1,R3,0.877,0.0665,1.3323333333333334,64.02896642527979,35.97103357472021
lab_outliers_removed,DOX,6.2,1,R1,0.781,0.0665,1.3323333333333334,56.44502962475313,43.55497037524687
lab_outliers_removed,DOX,6.2,1,R2,1.25,0.0665,1.3323333333333334,93.49572086899276,6.504279131007237
lab_outliers_removed,DOX,6.2,1,R3,1.045,0.0665,1.3323333333333334,77.30085582620144,22.699144173798558
lab_outliers_removed,DOX,3.1,1,R1,1.417,0.0665,1.3323333333333334,106.68861092824227,-6.688610928242269
lab_outliers_removed,DOX,3.1,1,R2,1.181,0.0665,1.3323333333333334,88.04476629361422,11.955233706385783
lab_outliers_removed,NC,0.0,1,R1,1.242,0.0665,1.3323333333333334,92.86372613561554,7.136273864384464
lab_outliers_removed,NC,0.0,1,R2,1.382,0.0665,1.3323333333333334,103.92363396971692,-3.923633969716917
lab_outliers_removed,NC,0.0,1,R3,1.373,0.0665,1.3323333333333334,103.21263989466753,-3.2126398946675323
lab_outliers_removed,MBEE,400.0,2,R2,0.971,0.069,1.2206666666666666,78.32127351664255,21.67872648335745
lab_outliers_removed,MBEE,200.0,2,R2,1.231,0.069,1.2206666666666666,100.8972503617945,-0.8972503617945051
lab_outliers_removed,MBEE,100.0,2,R1,1.297,0.069,1.2206666666666666,106.62807525325616,-6.628075253256156
lab_outliers_removed,MBEE,50.0,2,R1,1.265,0.069,1.2206666666666666,103.84949348769898,-3.849493487698979
lab_outliers_removed,MBEE,50.0,2,R2,1.504,0.069,1.2206666666666666,124.60202604920407,-24.60202604920407
lab_outliers_removed,MBEE,25.0,2,R1,1.263,0.069,1.2206666666666666,103.67583212735167,-3.6758321273516685
lab_outliers_removed,MBEE,25.0,2,R2,1.674,0.069,1.2206666666666666,139.3632416787265,-39.363241678726496
lab_outliers_removed,MBEE,12.5,2,R2,1.707,0.069,1.2206666666666666,142.22865412445734,-42.228654124457336
lab_outliers_removed,DOX,50.0,2,R2,0.472,0.069,1.2206666666666666,34.99276410998552,65.00723589001447
lab_outliers_removed,DOX,50.0,2,R3,0.413,0.069,1.2206666666666666,29.869753979739507,70.1302460202605
lab_outliers_removed,DOX,25.0,2,R2,0.721,0.069,1.2206666666666666,56.6136034732272,43.3863965267728
lab_outliers_removed,DOX,12.5,2,R2,0.938,0.069,1.2206666666666666,75.45586107091172,24.544138929088277
lab_outliers_removed,DOX,12.5,2,R3,0.892,0.069,1.2206666666666666,71.4616497829233,28.538350217076697
lab_outliers_removed,DOX,6.2,2,R1,1.221,0.069,1.2206666666666666,100.0289435600579,-0.02894356005789689
lab_outliers_removed,DOX,3.1,2,R1,1.047,0.069,1.2206666666666666,84.92040520984081,15.079594790159192
lab_outliers_removed,NC,0.0,2,R1,1.166,0.069,1.2206666666666666,95.25325615050652,4.746743849493484
lab_outliers_removed,NC,0.0,2,R2,1.274,0.069,1.2206666666666666,104.63096960926195,-4.630969609261953
lab_outliers_removed,NC,0.0,2,R3,1.222,0.069,1.2206666666666666,100.11577424023154,-0.11577424023154492
