name,plant_part,chem_class,source,pubchem_cid,formula,mw,smiles,inchikey,iupac,rdkit_mw,logp,hbd,hba,tpsa,rotatable_bonds,rings,heavy_atoms,fraction_csp3,qed,lipinski_violations,lipinski_pass,veber_pass
moringin,bark/seed,isothiocyanate,moringa,153557,C14H17NO5S,311.36,C[C@H]1[C@@H]([C@H]([C@H]([C@@H](O1)OC2=CC=C(C=C2)CN=C=S)O)O)O,QAZIHHJTZPNRCM-CNJBRALLSA-N,"(2S,3R,4R,5R,6S)-2-[4-(isothiocyanatomethyl)phenoxy]-6-methyloxane-3,4,5-triol",311.359,0.496,3,7,91.51,4,2,21,0.5,0.554,0,True,True
glucomoringin,bark/seed,glucosinolate,moringa,162639104,C20H28KNO14S2,609.7,C[C@H]1[C@@H]([C@H]([C@H]([C@@H](O1)OC2=CC=C(C=C2)C/C(=N\OS(=O)(=O)[O-])/S[C@H]3[C@@H]([C@H]([C@@H]([C@H](O3)CO)O)O)O)O)O)O.[K+],OVFNULRBAJGUQL-FNPJROJFSA-M,"potassium [(E)-[1-[(2S,3R,4S,5S,6R)-3,4,5-trihydroxy-6-(hydroxymethyl)oxan-2-yl]sulfanyl-2-[4-[(2S,3R,4R,5R,6S)-3,4,5-trihydroxy-6-methyloxan-2-yl]oxyphenyl]ethylidene]amino] sulfate",609.669,-6.237,7,16,248.09,8,3,38,0.65,0.036,3,False,False
benzyl isothiocyanate,bark/root,isothiocyanate,moringa,2346,C8H7NS,149.21,C1=CC=C(C=C1)CN=C=S,MDKCFLQDBWCQCV-UHFFFAOYSA-N,isothiocyanatomethylbenzene,149.218,2.289,0,2,12.36,2,1,10,0.125,0.464,0,True,True
4-hydroxybenzyl isothiocyanate,root,isothiocyanate,moringa,160611,C8H7NOS,165.21,C1=CC(=CC=C1CN=C=S)O,ATKWJXUJUNLTFU-UHFFFAOYSA-N,4-(isothiocyanatomethyl)phenol,165.217,1.995,1,3,32.59,2,1,11,0.125,0.537,0,True,True
sinigrin,seed,glucosinolate,moringa,6911854,C10H17NO9S2,359.4,C=CC/C(=N\OS(=O)(=O)O)/S[C@H]1[C@@H]([C@H]([C@@H]([C@H](O1)CO)O)O)O,PHZOWSSBXJXFOR-PTGZALFTSA-N,"[(2S,3R,4S,5S,6R)-3,4,5-trihydroxy-6-(hydroxymethyl)oxan-2-yl] (1E)-N-sulfooxybut-3-enimidothioate",359.378,-1.771,5,10,166.11,6,1,22,0.7,0.12,0,True,False
niazimicin,bark,thiocarbamate,moringa,5471459,C16H23NO6S,357.4,CCOC(=S)NCC1=CC=C(C=C1)OC2C(C(C(C(O2)C)O)O)O,JOSHUAQJVMGTGS-UHFFFAOYSA-N,"O-ethyl N-[[4-(3,4,5-trihydroxy-6-methyloxan-2-yl)oxyphenyl]methyl]carbamothioate",357.428,0.304,4,7,100.41,5,2,24,0.562,0.559,0,True,True
niazirin,bark,nitrile glycoside,moringa,129556,C14H17NO5,279.29,C[C@H]1[C@@H]([C@H]([C@H]([C@@H](O1)OC2=CC=C(C=C2)CC#N)O)O)O,OBJREHLZEIEGDU-CNJBRALLSA-N,"2-[4-[(2S,3R,4R,5R,6S)-3,4,5-trihydroxy-6-methyloxan-2-yl]oxyphenyl]acetonitrile",279.292,-0.041,3,6,102.94,3,2,20,0.5,0.717,0,True,True
moringine,bark,alkaloid,moringa,7504,C7H9N,107.15,C1=CC=C(C=C1)CN,WGQKYBSKWIADBV-UHFFFAOYSA-N,phenylmethanamine,107.156,1.145,1,1,26.02,1,1,8,0.143,0.572,0,True,True
quercetin,leaf/bark,flavonol,moringa,5280343,C15H10O7,302.23,C1=CC(=C(C=C1C2=C(C(=O)C3=C(C=C(C=C3O2)O)O)O)O)O,REFJWTPEDVJJIY-UHFFFAOYSA-N,"2-(3,4-dihydroxyphenyl)-3,5,7-trihydroxychromen-4-one",302.238,1.988,5,7,131.36,1,3,22,0.0,0.434,0,True,True
kaempferol,leaf/bark,flavonol,moringa,5280863,C15H10O6,286.24,C1=CC(=CC=C1C2=C(C(=O)C3=C(C=C(C=C3O2)O)O)O)O,IYRMWMYZSQPJKC-UHFFFAOYSA-N,"3,5,7-trihydroxy-2-(4-hydroxyphenyl)chromen-4-one",286.239,2.282,4,6,111.13,1,3,21,0.0,0.546,0,True,True
rutin,leaf,flavonol glycoside,moringa,5280805,C27H30O16,610.5,C[C@H]1[C@@H]([C@H]([C@H]([C@@H](O1)OC[C@@H]2[C@H]([C@@H]([C@H]([C@@H](O2)OC3=C(OC4=CC(=CC(=C4C3=O)O)O)C5=CC(=C(C=C5)O)O)O)O)O)O)O)O,IKGXIBQEEMLURG-NVPNHPEKSA-N,"2-(3,4-dihydroxyphenyl)-5,7-dihydroxy-3-[(2S,3R,4S,5S,6R)-3,4,5-trihydroxy-6-[[(2R,3R,4R,5R,6S)-3,4,5-trihydroxy-6-methyloxan-2-yl]oxymethyl]oxan-2-yl]oxychromen-4-one",610.521,-1.687,10,16,269.43,6,5,43,0.444,0.14,3,False,False
isoquercitrin,leaf,flavonol glycoside,moringa,5484006,C21H20O12,464.4,C1=CC(=C(C=C1C2=C(C(=O)C3=C(C=C(C=C3O2)O)O)O[C@H]4[C@@H]([C@H]([C@H](O4)[C@@H](CO)O)O)O)O)O,OPJZLUXFQFQYAI-GNPVFZCLSA-N,"3-[(2S,3R,4R,5R)-5-[(1R)-1,2-dihydroxyethyl]-3,4-dihydroxyoxolan-2-yl]oxy-2-(3,4-dihydroxyphenyl)-5,7-dihydroxychromen-4-one",464.379,-0.539,8,12,210.51,5,4,33,0.286,0.224,2,False,False
apigenin,leaf,flavone,moringa,5280443,C15H10O5,270.24,C1=CC(=CC=C1C2=CC(=O)C3=C(C=C(C=C3O2)O)O)O,KZNIFHPLKGYRTM-UHFFFAOYSA-N,"5,7-dihydroxy-2-(4-hydroxyphenyl)chromen-4-one",270.24,2.577,3,5,90.9,1,3,20,0.0,0.632,0,True,True
luteolin,leaf,flavone,moringa,5280445,C15H10O6,286.24,C1=CC(=C(C=C1C2=CC(=O)C3=C(C=C(C=C3O2)O)O)O)O,IQPNAANSBPBGFQ-UHFFFAOYSA-N,"2-(3,4-dihydroxyphenyl)-5,7-dihydroxychromen-4-one",286.239,2.282,4,6,111.13,1,3,21,0.0,0.511,0,True,True
catechin,bark,flavan-3-ol,moringa,9064,C15H14O6,290.27,C1[C@@H]([C@H](OC2=CC(=CC(=C21)O)O)C3=CC(=C(C=C3)O)O)O,PFTAWBLQPZVEMU-DZGCQCFKSA-N,"(2R,3S)-2-(3,4-dihydroxyphenyl)-3,4-dihydro-2H-chromene-3,5,7-triol",290.271,1.546,5,6,110.38,1,3,21,0.2,0.51,0,True,True
epicatechin,bark,flavan-3-ol,moringa,72276,C15H14O6,290.27,C1[C@H]([C@H](OC2=CC(=CC(=C21)O)O)C3=CC(=C(C=C3)O)O)O,PFTAWBLQPZVEMU-UKRRQHHQSA-N,"(2R,3R)-2-(3,4-dihydroxyphenyl)-3,4-dihydro-2H-chromene-3,5,7-triol",290.271,1.546,5,6,110.38,1,3,21,0.2,0.51,0,True,True
gallic acid,bark,phenolic acid,moringa,370,C7H6O5,170.12,C1=C(C=C(C(=C1O)O)O)C(=O)O,LNTHITQWFMADLM-UHFFFAOYSA-N,"3,4,5-trihydroxybenzoic acid",170.12,0.502,4,4,97.99,1,1,12,0.0,0.46,0,True,True
ellagic acid,bark,phenolic acid,moringa,5281855,C14H6O8,302.19,C1=C2C3=C(C(=C1O)O)OC(=O)C4=CC(=C(C(=C43)OC2=O)O)O,AFSDNFLWKVMVRB-UHFFFAOYSA-N,"6,7,13,14-tetrahydroxy-2,9-dioxatetracyclo[6.6.2.04,16.011,15]hexadeca-1(15),4,6,8(16),11,13-hexaene-3,10-dione",302.194,1.313,4,8,141.34,0,4,22,0.0,0.216,0,True,False
chlorogenic acid,leaf/bark,phenolic acid,moringa,1794427,C16H18O9,354.31,C1[C@H]([C@H]([C@@H](C[C@@]1(C(=O)O)O)OC(=O)/C=C/C2=CC(=C(C=C2)O)O)O)O,CWVRJTMFETXNAD-JUHZACGLSA-N,"(1S,3R,4R,5R)-3-[(E)-3-(3,4-dihydroxyphenyl)prop-2-enoyl]oxy-1,4,5-trihydroxycyclohexane-1-carboxylic acid",354.311,-0.646,6,8,164.75,4,2,25,0.375,0.234,1,True,False
caffeic acid,bark,phenolic acid,moringa,689043,C9H8O4,180.16,C1=CC(=C(C=C1/C=C/C(=O)O)O)O,QAIPRVGONGVQAS-DUXPYHPUSA-N,"(E)-3-(3,4-dihydroxyphenyl)prop-2-enoic acid",180.159,1.196,3,3,77.76,2,1,13,0.0,0.472,0,True,True
ferulic acid,bark,phenolic acid,moringa,445858,C10H10O4,194.18,COC1=C(C=CC(=C1)/C=C/C(=O)O)O,KSEBMYQBYZTDHS-HWKANZROSA-N,(E)-3-(4-hydroxy-3-methoxyphenyl)prop-2-enoic acid,194.186,1.499,2,3,66.76,3,1,14,0.1,0.715,0,True,True
p-coumaric acid,bark,phenolic acid,moringa,637542,C9H8O3,164.16,C1=CC(=CC=C1/C=C/C(=O)O)O,NGSWKAQJJWESNS-ZZXKWVIFSA-N,(E)-3-(4-hydroxyphenyl)prop-2-enoic acid,164.16,1.49,2,2,57.53,2,1,12,0.0,0.651,0,True,True
syringic acid,bark,phenolic acid,moringa,10742,C9H10O5,198.17,COC1=CC(=CC(=C1O)OC)C(=O)O,JMSVCTWVEWCHDZ-UHFFFAOYSA-N,"4-hydroxy-3,5-dimethoxybenzoic acid",198.174,1.108,2,4,75.99,3,1,14,0.222,0.76,0,True,True
vanillin,bark,phenolic aldehyde,moringa,1183,C8H8O3,152.15,COC1=C(C=CC(=C1)C=O)O,MWOOGOJBHIARFG-UHFFFAOYSA-N,4-hydroxy-3-methoxybenzaldehyde,152.149,1.213,1,3,46.53,2,1,11,0.125,0.648,0,True,True
protocatechuic acid,bark,phenolic acid,moringa,72,C7H6O4,154.12,C1=CC(=C(C=C1C(=O)O)O)O,YQUVCSBJEUQKSH-UHFFFAOYSA-N,"3,4-dihydroxybenzoic acid",154.121,0.796,3,3,77.76,1,1,11,0.0,0.522,0,True,True
beta-sitosterol,bark,phytosterol,moringa,222284,C29H50O,414.7,CC[C@H](CC[C@@H](C)[C@H]1CC[C@@H]2[C@@]1(CC[C@H]3[C@H]2CC=C4[C@@]3(CC[C@@H](C4)O)C)C)C(C)C,KZJWDPNRJALLNS-VJSFXXLFSA-N,"(3S,8S,9S,10R,13R,14S,17R)-17-[(2R,5R)-5-ethyl-6-methylheptan-2-yl]-10,13-dimethyl-2,3,4,7,8,9,11,12,14,15,16,17-dodecahydro-1H-cyclopenta[a]phenanthren-3-ol",414.718,8.025,1,1,20.23,6,4,30,0.931,0.436,1,True,True
stigmasterol,bark,phytosterol,moringa,5280794,C29H48O,412.7,CC[C@H](/C=C/[C@@H](C)[C@H]1CC[C@@H]2[C@@]1(CC[C@H]3[C@H]2CC=C4[C@@]3(CC[C@@H](C4)O)C)C)C(C)C,HCXVJBMSMIARIN-PHZDYDNGSA-N,"(3S,8S,9S,10R,13R,14S,17R)-17-[(E,2R,5S)-5-ethyl-6-methylhept-3-en-2-yl]-10,13-dimethyl-2,3,4,7,8,9,11,12,14,15,16,17-dodecahydro-1H-cyclopenta[a]phenanthren-3-ol",412.702,7.801,1,1,20.23,5,4,30,0.862,0.457,1,True,True
campesterol,bark,phytosterol,moringa,173183,C28H48O,400.7,C[C@H](CC[C@@H](C)C(C)C)[C@H]1CC[C@@H]2[C@@]1(CC[C@H]3[C@H]2CC=C4[C@@]3(CC[C@@H](C4)O)C)C,SGNBVLSWZMBQTH-PODYLUTMSA-N,"(3S,8S,9S,10R,13R,14S,17R)-17-[(2R,5R)-5,6-dimethylheptan-2-yl]-10,13-dimethyl-2,3,4,7,8,9,11,12,14,15,16,17-dodecahydro-1H-cyclopenta[a]phenanthren-3-ol",400.691,7.635,1,1,20.23,5,4,29,0.929,0.47,1,True,True
lupeol,bark,triterpene,moringa,259846,C30H50O,426.7,CC(=C)[C@@H]1CC[C@]2([C@H]1[C@H]3CC[C@@H]4[C@]5(CC[C@@H](C([C@@H]5CC[C@]4([C@@]3(CC2)C)C)(C)C)O)C)C,MQYXUWHLBZFQQO-QGTGJCAVSA-N,"(1R,3aR,5aR,5bR,7aR,9S,11aR,11bR,13aR,13bR)-3a,5a,5b,8,8,11a-hexamethyl-1-prop-1-en-2-yl-1,2,3,4,5,6,7,7a,9,10,11,11b,12,13,13a,13b-hexadecahydrocyclopenta[a]chrysen-9-ol",426.729,8.025,1,1,20.23,1,5,31,0.933,0.421,1,True,True
oleanolic acid,bark,triterpene,moringa,10494,C30H48O3,456.7,C[C@]12CC[C@@H](C([C@@H]1CC[C@@]3([C@@H]2CC=C4[C@]3(CC[C@@]5([C@H]4CC(CC5)(C)C)C(=O)O)C)C)(C)C)O,MIJYXULNPSFWEK-GTOFXWBISA-N,"(4aS,6aR,6aS,6bR,8aR,10S,12aR,14bS)-10-hydroxy-2,2,6a,6b,9,9,12a-heptamethyl-1,3,4,5,6,6a,7,8,8a,10,11,12,13,14b-tetradecahydropicene-4a-carboxylic acid",456.711,7.234,2,2,57.53,1,5,33,0.9,0.409,1,True,True
ursolic acid,bark,triterpene,moringa,64945,C30H48O3,456.7,C[C@@H]1CC[C@@]2(CC[C@@]3(C(=CC[C@H]4[C@]3(CC[C@@H]5[C@@]4(CC[C@@H](C5(C)C)O)C)C)[C@@H]2[C@H]1C)C)C(=O)O,WCGUUGGRBIKTOS-GPOJBZKASA-N,"(1S,2R,4aS,6aR,6aS,6bR,8aR,10S,12aR,14bS)-10-hydroxy-1,2,6a,6b,9,9,12a-heptamethyl-2,3,4,5,6,6a,7,8,8a,10,11,12,13,14b-tetradecahydro-1H-picene-4a-carboxylic acid",456.711,7.09,2,2,57.53,1,5,33,0.9,0.414,1,True,True
beta-amyrin,bark,triterpene,moringa,73145,C30H50O,426.7,C[C@@]12CC[C@@]3(C(=CC[C@H]4[C@]3(CC[C@@H]5[C@@]4(CC[C@@H](C5(C)C)O)C)C)[C@@H]1CC(CC2)(C)C)C,JFSHUTJDVKUMTJ-QHPUVITPSA-N,"(3S,4aR,6aR,6bS,8aR,12aR,14aR,14bR)-4,4,6a,6b,8a,11,11,14b-octamethyl-1,2,3,4a,5,6,7,8,9,10,12,12a,14,14a-tetradecahydropicen-3-ol",426.729,8.169,1,1,20.23,0,5,31,0.933,0.387,1,True,True
palmitic acid,all,fatty acid,moringa,985,C16H32O2,256.42,CCCCCCCCCCCCCCCC(=O)O,IPCSVZSSVZVIGE-UHFFFAOYSA-N,hexadecanoic acid,256.43,5.552,1,1,37.3,14,0,18,0.938,0.413,1,True,False
oleic acid,all,fatty acid,moringa,445639,C18H34O2,282.5,CCCCCCCC/C=C\CCCCCCCC(=O)O,ZQPPMHVWECSIRJ-KTKRTIGZSA-N,(Z)-octadec-9-enoic acid,282.468,6.109,1,1,37.3,15,0,20,0.833,0.291,1,True,False
linoleic acid,all,fatty acid,moringa,5280450,C18H32O2,280.4,CCCCC/C=C\C/C=C\CCCCCCCC(=O)O,OYHQOLUKZRVURQ-HZJYTTRNSA-N,"(9Z,12Z)-octadeca-9,12-dienoic acid",280.452,5.885,1,1,37.3,14,0,20,0.722,0.318,1,True,False
stearic acid,all,fatty acid,moringa,5281,C18H36O2,284.5,CCCCCCCCCCCCCCCCCC(=O)O,QIQXTHQIDYTFRH-UHFFFAOYSA-N,octadecanoic acid,284.484,6.333,1,1,37.3,16,0,20,0.944,0.336,1,True,False
octacosanoic acid,bark,fatty acid,moringa,10470,C28H56O2,424.7,CCCCCCCCCCCCCCCCCCCCCCCCCCCC(=O)O,UTOPWMOLSKOLTQ-UHFFFAOYSA-N,octacosanoic acid,424.754,10.233,1,1,37.3,26,0,30,0.964,0.14,1,True,False
4-hydroxymellein,bark,isocoumarin,moringa,169539,C10H10O4,194.18,CC1C(C2=C(C(=CC=C2)O)C(=O)O1)O,STSOHAOGZMLWFR-UHFFFAOYSA-N,"4,8-dihydroxy-3-methyl-3,4-dihydroisochromen-1-one",194.186,0.984,2,4,66.76,0,2,14,0.3,0.604,0,True,True
vanillic acid,bark,phenolic acid,moringa,8468,C8H8O4,168.15,COC1=C(C=CC(=C1)C(=O)O)O,WKOLLVMJNQIZCI-UHFFFAOYSA-N,4-hydroxy-3-methoxybenzoic acid,168.148,1.099,2,3,66.76,2,1,12,0.125,0.693,0,True,True
scopoletin,bark,coumarin,moringa,5280460,C10H8O4,192.17,COC1=C(C=C2C(=C1)C=CC(=O)O2)O,RODXRVNMMDRFIK-UHFFFAOYSA-N,7-hydroxy-6-methoxychromen-2-one,192.17,1.507,1,4,59.67,1,2,14,0.1,0.695,0,True,True
squalene,all,terpene,moringa,638072,C30H50,410.7,CC(=CCC/C(=C/CC/C(=C/CC/C=C(/CC/C=C(/CCC=C(C)C)\C)\C)/C)/C)C,YYGNTYWPHWGJRM-AAJYLUCBSA-N,"(6E,10E,14E,18E)-2,6,10,15,19,23-hexamethyltetracosa-2,6,10,14,18,22-hexaene",410.73,10.605,0,0,0.0,15,0,30,0.6,0.186,1,True,False
phytol,leaf,diterpene alcohol,moringa,5280435,C20H40O,296.5,C[C@@H](CCC[C@@H](C)CCC/C(=C/CO)/C)CCCC(C)C,BOTWFXYSPFMFNR-PYDDKJGSSA-N,"(E,7R,11R)-3,7,11,15-tetramethylhexadec-2-en-1-ol",296.539,6.364,1,1,20.23,13,0,21,0.9,0.392,1,True,False
doxorubicin,reference,positive control (manuscript),reference,31703,C27H29NO11,543.5,C[C@H]1[C@H]([C@H](C[C@@H](O1)O[C@H]2C[C@@](CC3=C2C(=C4C(=C3O)C(=O)C5=C(C4=O)C(=CC=C5)OC)O)(C(=O)CO)O)N)O,AOJJSUZBOXZQNB-TZSSRYMLSA-N,"(7S,9S)-7-[(2R,4S,5S,6S)-4-amino-5-hydroxy-6-methyloxan-2-yl]oxy-6,9,11-trihydroxy-9-(2-hydroxyacetyl)-4-methoxy-8,10-dihydro-7H-tetracene-5,12-dione",543.525,0.001,6,12,206.07,5,5,39,0.444,0.235,3,False,False
paclitaxel,reference,"positive control (named once, p.4)",reference,36314,C47H51NO14,853.9,CC1=C2[C@H](C(=O)[C@@]3([C@H](C[C@@H]4[C@]([C@H]3[C@@H]([C@@](C2(C)C)(C[C@@H]1OC(=O)[C@@H]([C@H](C5=CC=CC=C5)NC(=O)C6=CC=CC=C6)O)O)OC(=O)C7=CC=CC=C7)(CO4)OC(=O)C)O)C)OC(=O)C,RCINICONZNJXQF-MZXODVADSA-N,"[(1S,2S,3R,4S,7R,9S,10S,12R,15S)-4,12-diacetyloxy-15-[(2R,3S)-3-benzamido-2-hydroxy-3-phenylpropanoyl]oxy-1,9-dihydroxy-10,14,17,17-tetramethyl-11-oxo-6-oxatetracyclo[11.3.1.03,10.04,7]heptadec-13-en-2-yl] benzoate",853.918,3.736,4,14,221.29,10,7,62,0.447,0.13,2,False,False
cisplatin,reference,NSCLC standard of care,reference,5702198,Cl2H6N2Pt,300.05,N.N.Cl[Pt]Cl,LXZZYRPGZAFOLE-UHFFFAOYSA-L,azane;dichloroplatinum,300.046,1.7,2,2,70.0,0,0,5,0.0,0.715,0,True,True
erlotinib,reference,EGFR TKI benchmark,reference,176870,C22H23N3O4,393.4,COCCOC1=C(C=C2C(=C1)C(=NC=N2)NC3=CC=CC(=C3)C#C)OCCOC,AAKJLRGGTJKAMG-UHFFFAOYSA-N,"N-(3-ethynylphenyl)-6,7-bis(2-methoxyethoxy)quinazolin-4-amine",393.443,3.405,1,7,74.73,10,3,29,0.273,0.418,0,True,True
etoposide,reference,topoisomerase II benchmark,reference,36462,C29H32O13,588.6,C[C@@H]1OC[C@@H]2[C@@H](O1)[C@@H]([C@H]([C@@H](O2)O[C@H]3[C@H]4COC(=O)[C@@H]4[C@@H](C5=CC6=C(C=C35)OCO6)C7=CC(=C(C(=C7)OC)O)OC)O)O,VJJPUSNTGOMMGY-MRVIYFEKSA-N,"(5S,5aR,8aR,9R)-5-[[(2R,4aR,6R,7R,8R,8aS)-7,8-dihydroxy-2-methyl-4,4a,6,7,8,8a-hexahydropyrano[3,2-d][1,3]dioxin-6-yl]oxy]-9-(4-hydroxy-3,5-dimethoxyphenyl)-5a,6,8a,9-tetrahydro-5H-[2]benzofuro[6,5-f][1,3]benzodioxol-8-one",588.562,1.339,3,13,160.83,5,7,42,0.552,0.43,2,False,False
